"Link name","Moment Ixx","Moment Ixy","Moment Ixz","Moment Iyy","Moment Iyz","Moment Izz","COM Length"
"left femur",0.00071542,-3.985E-05,-2.3E-07,0.00059673,3.98E-05,0.00070541,0.05684205
"left tibiotarsus",0.02064923,-0.00014117,-0.000101,0.00273037,3.81E-05,0.02119796,0.099785538
"left tarsometatarsus",0.01137331,0.00043587,8.35E-05,0.00072894,-0.00065,0.01124594,0.103988063
"left toe",3.263E-05,2.72E-06,0,0.00021927,0,0.00024164,0.031995294
