ixx,ixy,ixz,iyx,iyy,iyz,izx,izy,izz
0.66217227,0.00004459,0.04041429,0.00004459,0.48372893,0.00002954,0.04041429,0.00002954,0.25559864
