"Link name","Moment Ixx","Moment Ixy","Moment Ixz","Moment Iyy","Moment Iyz","Moment Izz","COM Length"
"right femur",0.00070542,3.979E-05,2.3E-07,0.00059674,3.985E-05,0.00071541,0.05684205
"right tibiotarsus",0.02065098,-0.00014118,0.00010071,0.00273211,-3.27E-05,0.02119796,0.099785538
"right tarsometatarsus",0.0113733,0.00043577,-8.369E-05,0.00072841,0.000646,0.0112465,0.103988063
"right toe",3.263E-05,2.72E-06,0,0.00021927,0,0.00024164,0.031995294
